timestamp,temperature,humidity,pressure,wind_speed,wind_direction,solar_radiation
2025-09-01 00:00:00,18.8,70.0,1023.1,1.4,293.0,0.0
2025-09-01 01:00:00,18.6,71.0,1023.3,0.2,360.0,0.0
2025-09-01 02:00:00,17.9,75.0,1022.9,1.7,347.0,0.0
2025-09-01 03:00:00,17.6,77.0,1022.7,2.5,339.0,0.0
2025-09-01 04:00:00,17.5,75.0,1022.7,4.2,342.0,0.0
2025-09-01 05:00:00,17.1,75.0,1023.0,4.5,353.0,0.0
2025-09-01 06:00:00,16.8,73.0,1023.2,6.6,9.0,0.0
2025-09-01 07:00:00,16.5,74.0,1024.0,8.5,13.0,13.0
2025-09-01 08:00:00,17.8,67.0,1024.3,7.1,7.0,133.0
2025-09-01 09:00:00,19.5,59.0,1024.6,7.7,9.0,323.0
2025-09-01 10:00:00,22.2,49.0,1024.9,7.4,32.0,505.0
2025-09-01 11:00:00,24.2,41.0,1025.0,9.0,53.0,629.0
2025-09-01 12:00:00,25.6,36.0,1024.6,13.0,61.0,722.0
2025-09-01 13:00:00,26.4,34.0,1024.1,14.9,53.0,729.0
2025-09-01 14:00:00,26.5,32.0,1023.3,16.7,45.0,732.0
2025-09-01 15:00:00,26.5,31.0,1022.9,16.7,47.0,757.0
2025-09-01 16:00:00,26.1,32.0,1022.7,16.8,51.0,618.0
2025-09-01 17:00:00,25.5,33.0,1022.7,16.7,55.0,479.0
2025-09-01 18:00:00,24.6,37.0,1022.5,15.6,60.0,304.0
2025-09-01 19:00:00,23.4,44.0,1022.3,12.9,58.0,116.0
2025-09-01 20:00:00,22.5,50.0,1022.5,10.4,53.0,7.0
2025-09-01 21:00:00,21.5,54.0,1023.3,5.7,66.0,0.0
2025-09-01 22:00:00,20.9,57.0,1023.3,3.2,52.0,0.0
2025-09-01 23:00:00,20.3,60.0,1023.2,2.7,28.0,0.0
2025-09-02 00:00:00,20.1,61.0,1023.0,3.4,58.0,0.0
2025-09-02 01:00:00,19.8,62.0,1022.6,4.0,93.0,0.0
2025-09-02 02:00:00,18.9,66.0,1022.2,3.8,73.0,0.0
2025-09-02 03:00:00,18.1,68.0,1022.0,4.2,43.0,0.0
2025-09-02 04:00:00,17.4,71.0,1021.8,4.8,34.0,0.0
2025-09-02 05:00:00,16.9,73.0,1021.5,4.8,31.0,0.0
2025-09-02 06:00:00,16.4,77.0,1021.5,4.8,31.0,0.0
2025-09-02 07:00:00,16.5,81.0,1021.7,5.5,19.0,13.0
2025-09-02 08:00:00,17.8,79.0,1022.0,5.6,17.0,139.0
2025-09-02 09:00:00,19.5,71.0,1021.8,6.4,27.0,326.0
2025-09-02 10:00:00,21.7,56.0,1021.7,7.7,39.0,510.0
2025-09-02 11:00:00,23.4,44.0,1021.4,7.6,52.0,666.0
2025-09-02 12:00:00,24.8,37.0,1020.6,7.3,59.0,765.0
2025-09-02 13:00:00,25.9,33.0,1019.9,7.3,67.0,821.0
2025-09-02 14:00:00,26.6,32.0,1018.9,6.7,96.0,815.0
2025-09-02 15:00:00,26.7,32.0,1018.0,8.1,145.0,751.0
2025-09-02 16:00:00,25.5,40.0,1017.7,12.7,159.0,593.0
2025-09-02 17:00:00,24.0,44.0,1017.7,13.9,159.0,396.0
2025-09-02 18:00:00,22.7,51.0,1017.6,13.0,154.0,268.0
2025-09-02 19:00:00,21.2,63.0,1017.8,10.8,156.0,108.0
2025-09-02 20:00:00,20.2,71.0,1017.9,9.7,152.0,5.0
2025-09-02 21:00:00,19.6,71.0,1018.1,7.6,152.0,0.0
2025-09-02 22:00:00,19.3,75.0,1018.0,5.2,155.0,0.0
2025-09-02 23:00:00,18.9,77.0,1017.7,3.1,156.0,0.0
2025-09-03 00:00:00,18.4,83.0,1017.5,0.4,207.0,0.0
2025-09-03 01:00:00,17.8,83.0,1017.1,1.6,333.0,0.0
2025-09-03 02:00:00,17.0,89.0,1016.5,2.6,335.0,0.0
2025-09-03 03:00:00,16.6,91.0,1016.0,1.8,349.0,0.0
2025-09-03 04:00:00,16.4,92.0,1016.0,1.0,338.0,0.0
2025-09-03 05:00:00,15.9,94.0,1016.0,1.7,319.0,0.0
2025-09-03 06:00:00,15.4,95.0,1015.8,2.8,342.0,0.0
2025-09-03 07:00:00,15.6,96.0,1016.0,2.9,43.0,12.0
2025-09-03 08:00:00,17.5,84.0,1016.2,2.8,75.0,137.0
2025-09-03 09:00:00,19.4,70.0,1016.0,1.5,83.0,323.0
2025-09-03 10:00:00,21.8,55.0,1015.9,1.0,45.0,508.0
2025-09-03 11:00:00,23.6,43.0,1015.3,1.7,72.0,658.0
2025-09-03 12:00:00,25.1,37.0,1014.6,2.3,141.0,772.0
2025-09-03 13:00:00,26.0,34.0,1013.8,4.0,162.0,817.0
2025-09-03 14:00:00,26.3,36.0,1013.2,8.3,174.0,800.0
2025-09-03 15:00:00,25.9,38.0,1012.5,11.2,170.0,747.0
2025-09-03 16:00:00,24.4,42.0,1012.4,13.8,156.0,541.0
2025-09-03 17:00:00,23.8,46.0,1012.1,11.4,153.0,289.0
2025-09-03 18:00:00,23.0,45.0,1011.8,11.5,151.0,213.0
2025-09-03 19:00:00,21.4,55.0,1012.0,10.7,149.0,105.0
2025-09-03 20:00:00,20.4,63.0,1012.3,9.3,151.0,5.0
2025-09-03 21:00:00,19.8,70.0,1012.5,9.1,163.0,0.0
2025-09-03 22:00:00,19.4,74.0,1012.7,8.3,182.0,0.0
2025-09-03 23:00:00,19.0,76.0,1012.9,7.2,183.0,0.0
2025-09-04 00:00:00,18.6,79.0,1012.9,5.1,174.0,0.0
2025-09-04 01:00:00,18.0,82.0,1012.9,4.1,167.0,0.0
2025-09-04 02:00:00,17.6,84.0,1012.9,4.1,229.0,0.0
2025-09-04 03:00:00,17.2,85.0,1012.5,4.1,195.0,0.0
2025-09-04 04:00:00,16.9,87.0,1012.4,4.2,187.0,0.0
2025-09-04 05:00:00,16.3,92.0,1012.5,3.6,186.0,0.0
2025-09-04 06:00:00,15.9,94.0,1012.4,3.5,189.0,0.0
2025-09-04 07:00:00,16.2,95.0,1013.0,3.4,186.0,11.0
2025-09-04 08:00:00,18.0,85.0,1013.0,4.1,139.0,131.0
2025-09-04 09:00:00,20.2,73.0,1013.0,5.8,164.0,311.0
2025-09-04 10:00:00,22.6,62.0,1013.1,9.9,170.0,482.0
2025-09-04 11:00:00,24.3,54.0,1012.8,13.0,170.0,635.0
2025-09-04 12:00:00,25.1,50.0,1012.3,16.7,169.0,735.0
2025-09-04 13:00:00,24.7,58.0,1011.4,18.0,160.0,705.0
2025-09-04 14:00:00,24.1,62.0,1011.0,19.7,175.0,695.0
2025-09-04 15:00:00,23.7,64.0,1010.2,19.1,158.0,521.0
2025-09-04 16:00:00,24.3,61.0,1009.8,20.4,151.0,531.0
2025-09-04 17:00:00,23.7,65.0,1009.3,19.4,153.0,352.0
2025-09-04 18:00:00,23.1,68.0,1009.4,17.5,153.0,236.0
2025-09-04 19:00:00,22.1,74.0,1009.5,15.7,152.0,88.0
2025-09-04 20:00:00,21.6,76.0,1010.0,15.4,169.0,3.0
2025-09-04 21:00:00,21.8,77.0,1010.7,12.3,173.0,0.0
2025-09-04 22:00:00,21.4,78.0,1010.9,11.1,187.0,0.0
2025-09-04 23:00:00,20.4,82.0,1011.0,13.0,176.0,0.0
2025-09-05 00:00:00,19.6,88.0,1011.3,9.4,192.0,0.0
2025-09-05 01:00:00,19.1,92.0,1011.6,13.7,191.0,0.0
2025-09-05 02:00:00,19.1,91.0,1011.1,12.4,196.0,0.0
2025-09-05 03:00:00,19.1,91.0,1010.9,9.8,204.0,0.0
2025-09-05 04:00:00,18.8,94.0,1011.3,6.8,212.0,0.0
2025-09-05 05:00:00,18.3,95.0,1011.6,4.9,219.0,0.0
2025-09-05 06:00:00,18.0,97.0,1012.0,4.5,220.0,0.0
2025-09-05 07:00:00,18.4,97.0,1012.8,4.3,246.0,9.0
2025-09-05 08:00:00,19.9,90.0,1012.9,9.4,258.0,112.0
2025-09-05 09:00:00,22.1,83.0,1013.6,7.3,245.0,307.0
2025-09-05 10:00:00,23.6,74.0,1014.0,7.2,233.0,433.0
2025-09-05 11:00:00,24.9,66.0,1013.8,7.4,202.0,580.0
2025-09-05 12:00:00,25.9,62.0,1013.6,10.2,197.0,734.0
2025-09-05 13:00:00,26.9,57.0,1013.2,13.0,208.0,766.0
2025-09-05 14:00:00,28.0,51.0,1012.5,15.7,200.0,741.0
2025-09-05 15:00:00,28.1,54.0,1011.7,13.9,177.0,652.0
2025-09-05 16:00:00,28.3,53.0,1011.6,12.7,173.0,549.0
2025-09-05 17:00:00,27.8,58.0,1011.8,10.5,164.0,391.0
2025-09-05 18:00:00,28.0,57.0,1011.9,8.1,192.0,248.0
2025-09-05 19:00:00,27.0,53.0,1012.5,11.2,224.0,96.0
2025-09-05 20:00:00,25.4,61.0,1013.1,7.9,196.0,3.0
2025-09-05 21:00:00,24.7,72.0,1014.1,9.9,181.0,0.0
2025-09-05 22:00:00,24.3,77.0,1014.2,10.8,180.0,0.0
2025-09-05 23:00:00,23.7,79.0,1014.3,11.6,187.0,0.0
2025-09-06 00:00:00,23.3,81.0,1014.4,11.8,197.0,0.0
2025-09-06 01:00:00,23.2,81.0,1014.4,11.6,199.0,0.0
2025-09-06 02:00:00,23.0,82.0,1014.1,11.0,201.0,0.0
2025-09-06 03:00:00,22.7,82.0,1014.0,10.1,204.0,0.0
2025-09-06 04:00:00,22.5,82.0,1013.8,8.1,212.0,0.0
2025-09-06 05:00:00,22.2,84.0,1013.7,6.5,210.0,0.0
2025-09-06 06:00:00,21.8,85.0,1013.8,6.5,188.0,0.0
2025-09-06 07:00:00,21.7,86.0,1014.4,5.8,184.0,9.0
2025-09-06 08:00:00,23.1,81.0,1014.9,5.2,158.0,123.0
2025-09-06 09:00:00,24.4,78.0,1014.5,7.5,188.0,292.0
2025-09-06 10:00:00,25.8,73.0,1014.4,9.0,178.0,421.0
2025-09-06 11:00:00,27.7,66.0,1013.9,10.7,189.0,578.0
2025-09-06 12:00:00,29.1,62.0,1013.0,12.2,178.0,693.0
2025-09-06 13:00:00,30.0,59.0,1012.0,14.7,186.0,669.0
2025-09-06 14:00:00,24.2,83.0,1013.1,19.0,225.0,299.0
2025-09-06 15:00:00,25.9,75.0,1012.5,10.5,233.0,390.0
2025-09-06 16:00:00,26.7,73.0,1012.1,9.4,247.0,463.0
2025-09-06 17:00:00,23.2,88.0,1013.1,8.7,252.0,76.0
2025-09-06 18:00:00,21.9,93.0,1013.3,9.3,223.0,60.0
2025-09-06 19:00:00,21.6,94.0,1013.0,5.2,221.0,13.0
2025-09-06 20:00:00,21.5,95.0,1013.5,3.7,281.0,2.0
2025-09-06 21:00:00,21.3,93.0,1015.9,9.9,21.0,0.0
2025-09-06 22:00:00,19.7,94.0,1016.0,9.6,17.0,0.0
2025-09-06 23:00:00,19.0,91.0,1016.2,8.3,14.0,0.0
2025-09-07 00:00:00,18.6,92.0,1016.1,6.9,354.0,0.0
2025-09-07 01:00:00,18.4,93.0,1015.7,6.4,350.0,0.0
2025-09-07 02:00:00,18.0,95.0,1015.2,6.6,22.0,0.0
2025-09-07 03:00:00,17.7,94.0,1014.7,5.4,4.0,0.0
2025-09-07 04:00:00,17.5,95.0,1014.9,5.1,8.0,0.0
2025-09-07 05:00:00,17.3,94.0,1014.9,6.0,27.0,0.0
2025-09-07 06:00:00,17.2,93.0,1015.2,6.2,22.0,0.0
2025-09-07 07:00:00,17.1,94.0,1015.8,4.7,360.0,1.0
2025-09-07 08:00:00,16.8,94.0,1016.1,6.1,341.0,12.0
2025-09-07 09:00:00,16.6,92.0,1017.3,2.0,265.0,25.0
2025-09-07 10:00:00,17.0,88.0,1017.5,2.1,329.0,73.0
2025-09-07 11:00:00,18.3,81.0,1017.8,5.1,302.0,223.0
2025-09-07 12:00:00,18.3,82.0,1017.4,6.9,323.0,129.0
2025-09-07 13:00:00,18.9,79.0,1017.7,5.6,303.0,186.0
2025-09-07 14:00:00,19.1,76.0,1017.2,5.2,311.0,196.0
2025-09-07 15:00:00,19.5,70.0,1016.8,2.9,338.0,204.0
2025-09-07 16:00:00,19.9,67.0,1016.6,3.0,295.0,247.0
2025-09-07 17:00:00,20.7,66.0,1016.6,4.0,243.0,348.0
2025-09-07 18:00:00,20.4,68.0,1016.9,5.9,215.0,229.0
2025-09-07 19:00:00,19.3,75.0,1017.3,4.7,178.0,79.0
2025-09-07 20:00:00,18.3,80.0,1018.0,4.5,175.0,2.0
2025-09-07 21:00:00,18.1,83.0,1019.4,3.0,237.0,0.0
2025-09-07 22:00:00,18.3,83.0,1020.3,6.3,325.0,0.0
2025-09-07 23:00:00,17.7,69.0,1021.0,9.4,1.0,0.0
2025-09-08 00:00:00,16.9,68.0,1021.8,7.1,9.0,0.0
2025-09-08 01:00:00,16.5,69.0,1022.3,7.7,357.0,0.0
2025-09-08 02:00:00,15.9,73.0,1022.6,6.0,353.0,0.0
2025-09-08 03:00:00,15.2,77.0,1022.5,5.5,343.0,0.0
2025-09-08 04:00:00,14.5,78.0,1023.1,6.7,336.0,0.0
2025-09-08 05:00:00,13.7,77.0,1023.5,6.6,334.0,0.0
2025-09-08 06:00:00,13.0,76.0,1024.0,5.9,346.0,0.0
2025-09-08 07:00:00,13.0,76.0,1024.9,5.9,360.0,9.0
2025-09-08 08:00:00,14.3,74.0,1025.2,7.1,341.0,131.0
2025-09-08 09:00:00,15.7,68.0,1026.0,6.6,349.0,325.0
2025-09-08 10:00:00,17.7,60.0,1026.2,7.6,355.0,513.0
2025-09-08 11:00:00,19.1,52.0,1026.2,9.2,354.0,668.0
2025-09-08 12:00:00,20.0,49.0,1026.0,8.6,359.0,776.0
2025-09-08 13:00:00,20.8,47.0,1025.7,7.3,11.0,831.0
2025-09-08 14:00:00,21.3,45.0,1025.0,7.3,10.0,822.0
2025-09-08 15:00:00,21.5,44.0,1024.4,7.6,14.0,756.0
2025-09-08 16:00:00,21.5,43.0,1024.1,7.9,17.0,636.0
2025-09-08 17:00:00,21.1,44.0,1023.7,7.3,17.0,465.0
2025-09-08 18:00:00,20.6,47.0,1023.7,5.7,32.0,277.0
2025-09-08 19:00:00,18.8,62.0,1023.9,4.3,57.0,91.0
2025-09-08 20:00:00,17.6,66.0,1024.4,4.9,66.0,2.0
2025-09-08 21:00:00,17.4,70.0,1025.1,1.1,162.0,0.0
2025-09-08 22:00:00,16.4,77.0,1025.7,2.7,266.0,0.0
2025-09-08 23:00:00,15.9,82.0,1025.9,3.6,297.0,0.0
2025-09-09 00:00:00,15.3,84.0,1026.0,3.9,332.0,0.0
2025-09-09 01:00:00,15.0,83.0,1025.6,4.5,353.0,0.0
2025-09-09 02:00:00,14.4,84.0,1025.3,4.5,16.0,0.0
2025-09-09 03:00:00,13.9,89.0,1025.0,4.6,31.0,0.0
2025-09-09 04:00:00,13.7,92.0,1025.3,4.8,15.0,0.0
2025-09-09 05:00:00,13.4,93.0,1025.6,4.7,23.0,0.0
2025-09-09 06:00:00,13.1,93.0,1025.6,5.9,12.0,0.0
2025-09-09 07:00:00,13.1,91.0,1025.9,6.4,11.0,8.0
2025-09-09 08:00:00,14.5,85.0,1026.2,6.3,7.0,125.0
2025-09-09 09:00:00,15.8,76.0,1027.2,7.1,16.0,315.0
2025-09-09 10:00:00,18.0,68.0,1027.0,8.2,26.0,503.0
2025-09-09 11:00:00,19.8,57.0,1027.2,11.2,45.0,662.0
2025-09-09 12:00:00,20.8,46.0,1027.0,12.8,56.0,774.0
2025-09-09 13:00:00,21.3,48.0,1026.6,11.5,58.0,831.0
2025-09-09 14:00:00,21.7,50.0,1026.2,9.5,58.0,822.0
2025-09-09 15:00:00,22.1,50.0,1025.5,8.2,54.0,752.0
2025-09-09 16:00:00,22.1,50.0,1025.0,8.1,47.0,603.0
2025-09-09 17:00:00,21.6,52.0,1024.7,9.9,45.0,428.0
2025-09-09 18:00:00,20.7,58.0,1024.1,11.3,44.0,215.0
2025-09-09 19:00:00,19.1,64.0,1024.2,10.5,39.0,81.0
2025-09-09 20:00:00,18.0,65.0,1024.4,8.1,55.0,1.0
2025-09-09 21:00:00,17.6,71.0,1025.2,5.3,55.0,0.0
2025-09-09 22:00:00,17.1,71.0,1025.1,6.2,49.0,0.0
2025-09-09 23:00:00,16.6,73.0,1024.9,7.4,47.0,0.0
2025-09-10 00:00:00,16.4,76.0,1024.6,7.7,49.0,0.0
2025-09-10 01:00:00,16.4,80.0,1024.5,7.3,42.0,0.0
2025-09-10 02:00:00,16.4,82.0,1024.2,8.1,35.0,0.0
2025-09-10 03:00:00,16.0,81.0,1024.0,9.6,28.0,0.0
2025-09-10 04:00:00,15.6,79.0,1023.6,10.4,20.0,0.0
2025-09-10 05:00:00,15.5,77.0,1023.3,10.0,17.0,0.0
2025-09-10 06:00:00,15.4,76.0,1022.9,10.8,18.0,0.0
2025-09-10 07:00:00,15.4,75.0,1023.0,11.7,23.0,2.0
2025-09-10 08:00:00,15.7,76.0,1023.2,9.9,9.0,35.0
2025-09-10 09:00:00,15.1,92.0,1023.2,13.8,24.0,56.0
2025-09-10 10:00:00,15.6,92.0,1023.3,12.9,23.0,92.0
2025-09-10 11:00:00,16.3,89.0,1022.8,10.3,355.0,111.0
2025-09-10 12:00:00,16.8,88.0,1022.3,11.3,359.0,142.0
2025-09-10 13:00:00,17.8,83.0,1021.7,12.2,13.0,240.0
2025-09-10 14:00:00,19.4,74.0,1021.0,11.7,13.0,340.0
2025-09-10 15:00:00,20.2,71.0,1020.4,11.2,18.0,329.0
2025-09-10 16:00:00,20.2,70.0,1019.9,10.4,17.0,219.0
2025-09-10 17:00:00,20.5,68.0,1019.2,9.4,7.0,229.0
2025-09-10 18:00:00,20.2,69.0,1018.7,9.0,2.0,149.0
2025-09-10 19:00:00,19.5,72.0,1018.5,7.3,9.0,63.0
2025-09-10 20:00:00,18.7,75.0,1018.8,6.7,19.0,1.0
2025-09-10 21:00:00,20.5,69.0,1019.4,3.5,12.0,0.0
2025-09-10 22:00:00,20.2,67.0,1019.3,5.5,351.0,0.0
2025-09-10 23:00:00,19.6,70.0,1019.3,4.9,354.0,0.0
2025-09-11 00:00:00,19.0,73.0,1019.2,5.8,353.0,0.0
2025-09-11 01:00:00,18.0,77.0,1019.1,6.7,351.0,0.0
2025-09-11 02:00:00,17.3,79.0,1018.8,6.6,349.0,0.0
2025-09-11 03:00:00,16.8,78.0,1018.5,6.7,352.0,0.0
2025-09-11 04:00:00,16.2,79.0,1018.3,6.0,355.0,0.0
2025-09-11 05:00:00,15.7,79.0,1018.8,6.0,5.0,0.0
2025-09-11 06:00:00,15.3,80.0,1018.9,5.4,2.0,0.0
2025-09-11 07:00:00,15.2,80.0,1019.2,5.8,351.0,6.0
2025-09-11 08:00:00,16.5,77.0,1019.8,5.8,340.0,119.0
2025-09-11 09:00:00,18.6,70.0,1020.2,4.9,336.0,305.0
2025-09-11 10:00:00,21.0,59.0,1020.5,5.0,347.0,490.0
2025-09-11 11:00:00,23.3,47.0,1020.6,6.1,358.0,646.0
2025-09-11 12:00:00,25.0,37.0,1020.1,8.6,2.0,754.0
2025-09-11 13:00:00,25.9,33.0,1019.7,9.2,1.0,800.0
2025-09-11 14:00:00,26.5,31.0,1019.1,10.3,1.0,793.0
2025-09-11 15:00:00,26.8,30.0,1018.8,12.1,357.0,735.0
2025-09-11 16:00:00,26.5,29.0,1018.7,13.6,353.0,615.0
2025-09-11 17:00:00,25.9,29.0,1018.7,13.2,353.0,447.0
2025-09-11 18:00:00,25.1,32.0,1018.5,11.2,6.0,260.0
2025-09-11 19:00:00,23.6,39.0,1018.8,5.8,20.0,80.0
2025-09-11 20:00:00,22.1,48.0,1019.3,5.1,36.0,0.0
2025-09-11 21:00:00,21.5,56.0,1020.0,2.6,56.0,0.0
2025-09-11 22:00:00,21.1,57.0,1020.2,1.4,67.0,0.0
2025-09-11 23:00:00,20.3,59.0,1020.4,0.9,259.0,0.0
2025-09-12 00:00:00,19.0,65.0,1020.3,2.4,306.0,0.0
2025-09-12 01:00:00,18.1,71.0,1020.2,3.6,357.0,0.0
2025-09-12 02:00:00,17.6,75.0,1020.2,3.4,6.0,0.0
2025-09-12 03:00:00,17.2,76.0,1020.2,4.9,2.0,0.0
2025-09-12 04:00:00,17.2,72.0,1020.5,7.6,1.0,0.0
2025-09-12 05:00:00,16.8,74.0,1021.0,7.4,7.0,0.0
2025-09-12 06:00:00,16.3,77.0,1021.3,7.5,11.0,0.0
2025-09-12 07:00:00,16.2,78.0,1022.1,8.0,14.0,6.0
2025-09-12 08:00:00,17.5,71.0,1022.9,8.0,6.0,113.0
2025-09-12 09:00:00,19.3,61.0,1023.3,8.5,18.0,295.0
2025-09-12 10:00:00,21.4,52.0,1023.6,8.6,31.0,473.0
2025-09-12 11:00:00,22.8,47.0,1023.8,8.6,41.0,512.0
2025-09-12 12:00:00,23.7,44.0,1023.6,7.8,46.0,505.0
2025-09-12 13:00:00,24.7,40.0,1022.9,6.5,44.0,559.0
2025-09-12 14:00:00,25.9,38.0,1022.3,5.6,27.0,687.0
2025-09-12 15:00:00,27.3,34.0,1021.5,6.5,354.0,707.0
2025-09-12 16:00:00,27.0,34.0,1021.2,4.6,339.0,429.0
2025-09-12 17:00:00,26.5,34.0,1021.0,1.0,22.0,282.0
2025-09-12 18:00:00,25.1,39.0,1020.6,5.7,143.0,167.0
2025-09-12 19:00:00,22.6,57.0,1021.3,11.4,149.0,52.0
2025-09-12 20:00:00,20.8,66.0,1021.7,8.9,159.0,0.0
2025-09-12 21:00:00,19.9,69.0,1022.2,6.1,161.0,0.0
2025-09-12 22:00:00,19.7,72.0,1022.4,4.9,163.0,0.0
2025-09-12 23:00:00,19.4,76.0,1022.3,5.2,166.0,0.0
2025-09-13 00:00:00,19.0,81.0,1022.2,4.2,160.0,0.0
2025-09-13 01:00:00,18.6,84.0,1022.0,4.0,159.0,0.0
2025-09-13 02:00:00,18.1,88.0,1021.8,1.6,186.0,0.0
2025-09-13 03:00:00,17.6,90.0,1021.7,0.3,315.0,0.0
2025-09-13 04:00:00,17.1,92.0,1021.6,0.6,326.0,0.0
2025-09-13 05:00:00,16.6,95.0,1021.4,0.6,326.0,0.0
2025-09-13 06:00:00,16.2,97.0,1021.2,0.3,315.0,0.0
2025-09-13 07:00:00,16.1,99.0,1021.4,1.0,292.0,5.0
2025-09-13 08:00:00,17.7,89.0,1021.7,0.4,243.0,108.0
2025-09-13 09:00:00,18.8,82.0,1021.6,1.5,150.0,146.0
2025-09-13 10:00:00,20.3,77.0,1021.3,4.0,177.0,242.0
2025-09-13 11:00:00,23.2,57.0,1020.7,5.8,200.0,600.0
2025-09-13 12:00:00,24.9,49.0,1020.0,7.4,206.0,728.0
2025-09-13 13:00:00,25.8,46.0,1019.2,8.0,203.0,757.0
2025-09-13 14:00:00,26.4,44.0,1018.7,6.9,211.0,735.0
2025-09-13 15:00:00,25.8,47.0,1018.0,8.0,185.0,552.0
2025-09-13 16:00:00,24.2,58.0,1017.7,12.4,161.0,455.0
2025-09-13 17:00:00,22.9,60.0,1017.3,12.7,155.0,279.0
2025-09-13 18:00:00,22.5,63.0,1017.1,9.5,153.0,183.0
2025-09-13 19:00:00,21.5,70.0,1017.2,11.1,138.0,58.0
2025-09-13 20:00:00,20.6,74.0,1017.5,12.2,156.0,0.0
2025-09-13 21:00:00,20.4,76.0,1017.7,9.7,149.0,0.0
2025-09-13 22:00:00,20.3,76.0,1017.8,8.8,152.0,0.0
2025-09-13 23:00:00,20.2,76.0,1017.9,7.8,158.0,0.0
2025-09-14 00:00:00,19.8,77.0,1017.7,6.1,157.0,0.0
2025-09-14 01:00:00,19.4,79.0,1017.4,7.1,170.0,0.0
2025-09-14 02:00:00,18.8,81.0,1017.0,7.4,177.0,0.0
2025-09-14 03:00:00,18.3,83.0,1016.6,4.9,197.0,0.0
2025-09-14 04:00:00,17.8,87.0,1016.2,3.2,196.0,0.0
2025-09-14 05:00:00,17.4,89.0,1016.0,1.3,188.0,0.0
2025-09-14 06:00:00,17.1,91.0,1015.9,0.6,214.0,0.0
2025-09-14 07:00:00,16.9,93.0,1016.6,0.7,270.0,4.0
2025-09-14 08:00:00,18.6,84.0,1016.7,2.8,11.0,107.0
2025-09-14 09:00:00,20.9,70.0,1017.0,3.6,18.0,287.0
2025-09-14 10:00:00,23.2,59.0,1017.3,4.3,28.0,468.0
2025-09-14 11:00:00,25.4,49.0,1017.3,5.3,28.0,619.0
2025-09-14 12:00:00,27.2,40.0,1017.1,6.4,25.0,727.0
2025-09-14 13:00:00,28.7,34.0,1016.7,6.3,5.0,747.0
2025-09-14 14:00:00,29.6,30.0,1015.9,5.4,20.0,651.0
2025-09-14 15:00:00,28.6,33.0,1015.8,6.4,140.0,555.0
2025-09-14 16:00:00,27.2,43.0,1016.1,8.0,160.0,468.0
2025-09-14 17:00:00,26.1,52.0,1016.3,8.5,162.0,324.0
2025-09-14 18:00:00,25.1,56.0,1016.5,8.7,159.0,208.0
2025-09-14 19:00:00,23.4,64.0,1017.4,9.3,161.0,60.0
2025-09-14 20:00:00,21.9,71.0,1018.3,6.6,167.0,0.0
2025-09-14 21:00:00,21.4,76.0,1018.7,4.0,159.0,0.0
2025-09-14 22:00:00,20.8,83.0,1019.0,2.4,144.0,0.0
2025-09-14 23:00:00,20.3,89.0,1019.5,1.4,203.0,0.0
2025-09-15 00:00:00,19.8,90.0,1019.7,1.4,310.0,0.0
2025-09-15 01:00:00,19.5,90.0,1019.7,0.6,34.0,0.0
2025-09-15 02:00:00,18.9,95.0,1020.2,2.7,143.0,0.0
2025-09-15 03:00:00,18.5,96.0,1020.5,1.8,281.0,0.0
2025-09-15 04:00:00,18.3,95.0,1020.7,2.2,9.0,0.0
2025-09-15 05:00:00,17.8,98.0,1020.8,2.9,97.0,0.0
2025-09-15 06:00:00,17.8,96.0,1021.1,4.8,13.0,0.0
2025-09-15 07:00:00,17.7,92.0,1022.1,7.4,23.0,4.0
2025-09-15 08:00:00,19.0,88.0,1022.8,8.7,37.0,93.0
2025-09-15 09:00:00,20.0,86.0,1023.3,9.8,44.0,210.0
2025-09-15 10:00:00,22.4,73.0,1023.8,8.3,39.0,429.0
2025-09-15 11:00:00,24.6,57.0,1024.0,8.8,46.0,601.0
2025-09-15 12:00:00,26.3,44.0,1024.1,9.9,58.0,713.0
2025-09-15 13:00:00,27.5,37.0,1023.7,11.7,52.0,765.0
2025-09-15 14:00:00,28.2,33.0,1023.3,12.1,49.0,760.0
2025-09-15 15:00:00,28.4,31.0,1022.9,11.4,52.0,662.0
2025-09-15 16:00:00,28.0,30.0,1022.5,9.4,82.0,541.0
2025-09-15 17:00:00,27.1,32.0,1022.1,9.2,118.0,424.0
2025-09-15 18:00:00,25.4,42.0,1022.2,10.4,136.0,226.0
2025-09-15 19:00:00,23.0,55.0,1022.8,10.1,149.0,49.0
2025-09-15 20:00:00,21.9,58.0,1023.3,7.0,140.0,0.0
2025-09-15 21:00:00,20.8,65.0,1023.7,4.1,124.0,0.0
2025-09-15 22:00:00,20.2,65.0,1023.9,4.5,90.0,0.0
2025-09-15 23:00:00,19.7,69.0,1024.0,3.6,72.0,0.0
2025-09-16 00:00:00,19.4,68.0,1024.0,4.5,43.0,0.0
2025-09-16 01:00:00,19.2,69.0,1024.1,5.5,36.0,0.0
2025-09-16 02:00:00,18.9,73.0,1023.9,6.2,36.0,0.0
2025-09-16 03:00:00,18.4,77.0,1023.5,5.8,34.0,0.0
2025-09-16 04:00:00,18.2,80.0,1023.3,5.8,39.0,0.0
2025-09-16 05:00:00,18.1,83.0,1023.1,7.6,36.0,0.0
2025-09-16 06:00:00,17.7,88.0,1023.2,8.2,29.0,0.0
2025-09-16 07:00:00,17.3,91.0,1023.4,9.6,26.0,3.0
2025-09-16 08:00:00,18.3,81.0,1023.9,9.5,33.0,102.0
2025-09-16 09:00:00,19.1,74.0,1024.2,9.8,26.0,177.0
2025-09-16 10:00:00,20.5,64.0,1024.2,10.0,33.0,284.0
2025-09-16 11:00:00,22.2,53.0,1024.0,11.5,50.0,415.0
2025-09-16 12:00:00,23.5,45.0,1023.7,14.4,56.0,573.0
2025-09-16 13:00:00,24.4,40.0,1022.8,16.9,57.0,765.0
2025-09-16 14:00:00,23.1,43.0,1022.8,17.0,58.0,439.0
2025-09-16 15:00:00,23.0,44.0,1022.4,14.9,53.0,340.0
2025-09-16 16:00:00,23.3,42.0,1022.2,14.4,56.0,336.0
2025-09-16 17:00:00,22.2,42.0,1021.8,13.2,58.0,112.0
2025-09-16 18:00:00,22.0,40.0,1021.6,13.0,70.0,135.0
2025-09-16 19:00:00,20.7,45.0,1022.0,11.3,68.0,51.0
2025-09-16 20:00:00,19.8,51.0,1022.4,10.3,67.0,0.0
2025-09-16 21:00:00,19.5,59.0,1022.2,11.2,66.0,0.0
2025-09-16 22:00:00,19.2,59.0,1022.0,11.1,67.0,0.0
2025-09-16 23:00:00,18.6,58.0,1022.2,9.9,68.0,0.0
2025-09-17 00:00:00,18.2,60.0,1021.7,11.0,64.0,0.0
2025-09-17 01:00:00,18.2,64.0,1021.5,9.7,61.0,0.0
2025-09-17 02:00:00,17.9,69.0,1021.0,10.6,55.0,0.0
2025-09-17 03:00:00,17.6,74.0,1020.0,11.7,54.0,0.0
2025-09-17 04:00:00,17.5,77.0,1019.7,12.5,62.0,0.0
2025-09-17 05:00:00,17.3,78.0,1019.7,11.9,49.0,0.0
2025-09-17 06:00:00,17.2,79.0,1019.8,10.0,41.0,0.0
2025-09-17 07:00:00,17.1,79.0,1019.6,11.6,42.0,3.0
2025-09-17 08:00:00,17.9,75.0,1019.6,10.5,31.0,85.0
2025-09-17 09:00:00,18.4,66.0,1019.8,12.8,40.0,257.0
2025-09-17 10:00:00,19.7,62.0,1019.8,12.7,44.0,307.0
2025-09-17 11:00:00,19.9,64.0,1019.5,12.0,43.0,229.0
2025-09-17 12:00:00,20.0,72.0,1019.3,11.3,36.0,333.0
2025-09-17 13:00:00,20.3,72.0,1018.4,13.7,52.0,279.0
2025-09-17 14:00:00,21.0,71.0,1017.8,14.1,50.0,456.0
2025-09-17 15:00:00,20.7,74.0,1017.3,14.4,60.0,261.0
2025-09-17 16:00:00,20.7,75.0,1017.0,13.9,53.0,275.0
2025-09-17 17:00:00,20.4,77.0,1016.6,11.6,53.0,138.0
2025-09-17 18:00:00,20.1,81.0,1016.4,11.3,48.0,54.0
2025-09-17 19:00:00,19.7,81.0,1016.5,10.3,61.0,12.0
2025-09-17 20:00:00,19.5,81.0,1016.9,8.6,51.0,0.0
2025-09-17 21:00:00,19.4,89.0,1016.8,7.7,60.0,0.0
2025-09-17 22:00:00,19.2,91.0,1016.6,6.1,66.0,0.0
2025-09-17 23:00:00,19.2,92.0,1016.4,3.9,34.0,0.0
2025-09-18 00:00:00,19.1,92.0,1016.1,3.8,3.0,0.0
2025-09-18 01:00:00,19.2,93.0,1015.8,3.9,338.0,0.0
2025-09-18 02:00:00,19.1,92.0,1015.5,4.4,348.0,0.0
2025-09-18 03:00:00,19.0,91.0,1015.1,4.5,5.0,0.0
2025-09-18 04:00:00,18.8,90.0,1015.0,6.1,357.0,0.0
2025-09-18 05:00:00,18.5,90.0,1015.0,6.7,360.0,0.0
2025-09-18 06:00:00,18.3,90.0,1014.9,4.8,13.0,0.0
2025-09-18 07:00:00,18.1,90.0,1015.5,3.1,24.0,2.0
2025-09-18 08:00:00,18.7,86.0,1016.0,3.4,6.0,77.0
2025-09-18 09:00:00,20.0,83.0,1015.8,1.5,353.0,268.0
2025-09-18 10:00:00,21.6,75.0,1015.9,3.1,320.0,448.0
2025-09-18 11:00:00,22.9,69.0,1015.4,4.6,312.0,600.0
2025-09-18 12:00:00,24.1,64.0,1015.1,5.9,310.0,703.0
2025-09-18 13:00:00,25.2,59.0,1014.5,4.8,312.0,747.0
2025-09-18 14:00:00,26.1,55.0,1013.8,5.0,305.0,740.0
2025-09-18 15:00:00,26.7,51.0,1013.2,5.8,304.0,671.0
2025-09-18 16:00:00,27.1,48.0,1012.5,6.9,303.0,551.0
2025-09-18 17:00:00,27.3,47.0,1012.2,7.7,306.0,393.0
2025-09-18 18:00:00,26.6,54.0,1011.9,3.9,298.0,207.0
2025-09-18 19:00:00,24.8,61.0,1012.0,3.1,234.0,49.0
2025-09-18 20:00:00,23.2,64.0,1012.7,5.6,249.0,0.0
2025-09-18 21:00:00,22.9,66.0,1013.1,1.2,243.0,0.0
2025-09-18 22:00:00,21.9,62.0,1013.6,6.2,327.0,0.0
2025-09-18 23:00:00,20.5,62.0,1014.0,6.2,334.0,0.0
2025-09-19 00:00:00,19.3,67.0,1014.0,5.6,315.0,0.0
2025-09-19 01:00:00,19.0,69.0,1014.0,5.8,309.0,0.0
2025-09-19 02:00:00,18.7,72.0,1013.7,5.3,305.0,0.0
2025-09-19 03:00:00,18.2,75.0,1013.5,5.1,293.0,0.0
2025-09-19 04:00:00,18.2,76.0,1013.5,6.1,294.0,0.0
2025-09-19 05:00:00,18.3,77.0,1013.8,6.1,313.0,0.0
2025-09-19 06:00:00,18.1,78.0,1014.1,5.6,310.0,0.0
2025-09-19 07:00:00,17.9,81.0,1014.9,5.4,300.0,2.0
2025-09-19 08:00:00,19.8,75.0,1015.5,7.3,308.0,94.0
2025-09-19 09:00:00,21.8,67.0,1015.5,5.8,309.0,274.0
2025-09-19 10:00:00,23.4,61.0,1015.8,6.6,307.0,452.0
2025-09-19 11:00:00,24.9,59.0,1015.6,7.5,300.0,602.0
2025-09-19 12:00:00,26.3,56.0,1015.5,9.6,310.0,709.0
2025-09-19 13:00:00,27.2,50.0,1015.0,10.8,314.0,763.0
2025-09-19 14:00:00,27.6,48.0,1014.6,11.1,318.0,754.0
2025-09-19 15:00:00,27.9,47.0,1014.3,11.0,318.0,681.0
2025-09-19 16:00:00,27.9,47.0,1014.2,10.3,327.0,543.0
2025-09-19 17:00:00,27.2,45.0,1014.4,10.2,342.0,392.0
2025-09-19 18:00:00,25.9,51.0,1014.8,6.5,346.0,213.0
2025-09-19 19:00:00,23.7,63.0,1015.3,3.9,336.0,48.0
2025-09-19 20:00:00,23.0,58.0,1016.1,7.8,334.0,0.0
2025-09-19 21:00:00,22.7,60.0,1017.3,5.9,317.0,0.0
2025-09-19 22:00:00,21.4,59.0,1018.0,10.6,342.0,0.0
2025-09-19 23:00:00,20.3,60.0,1018.8,9.2,6.0,0.0
2025-09-20 00:00:00,19.4,61.0,1019.4,9.5,14.0,0.0
2025-09-20 01:00:00,18.5,60.0,1019.7,10.3,15.0,0.0
2025-09-20 02:00:00,17.6,60.0,1020.0,10.4,17.0,0.0
2025-09-20 03:00:00,16.7,62.0,1020.3,10.5,19.0,0.0
2025-09-20 04:00:00,16.0,64.0,1020.9,10.6,23.0,0.0
2025-09-20 05:00:00,15.4,66.0,1021.2,10.1,25.0,0.0
2025-09-20 06:00:00,14.9,66.0,1021.9,10.6,24.0,0.0
2025-09-20 07:00:00,14.4,64.0,1022.8,11.4,23.0,2.0
2025-09-20 08:00:00,15.1,61.0,1023.7,10.0,18.0,97.0
2025-09-20 09:00:00,16.8,54.0,1024.0,11.4,28.0,280.0
2025-09-20 10:00:00,18.6,49.0,1024.5,12.3,40.0,463.0
2025-09-20 11:00:00,20.1,46.0,1024.7,11.8,47.0,614.0
2025-09-20 12:00:00,21.4,44.0,1024.7,11.2,48.0,719.0
2025-09-20 13:00:00,22.4,42.0,1024.4,10.4,45.0,768.0
2025-09-20 14:00:00,23.1,40.0,1024.0,9.7,35.0,758.0
2025-09-20 15:00:00,23.7,38.0,1023.6,7.6,34.0,687.0
2025-09-20 16:00:00,23.6,38.0,1023.5,4.6,64.0,563.0
2025-09-20 17:00:00,23.2,39.0,1023.2,3.9,114.0,397.0
2025-09-20 18:00:00,21.5,49.0,1023.2,8.0,155.0,209.0
2025-09-20 19:00:00,19.4,65.0,1023.9,8.3,169.0,44.0
2025-09-20 20:00:00,18.5,69.0,1024.3,6.5,161.0,0.0
2025-09-20 21:00:00,17.3,73.0,1025.5,4.5,127.0,0.0
2025-09-20 22:00:00,16.8,76.0,1025.6,4.1,113.0,0.0
2025-09-20 23:00:00,16.5,77.0,1026.0,3.2,90.0,0.0
2025-09-21 00:00:00,16.1,79.0,1026.1,2.2,35.0,0.0
2025-09-21 01:00:00,15.5,81.0,1025.8,3.7,29.0,0.0
2025-09-21 02:00:00,15.1,82.0,1026.0,4.3,28.0,0.0
2025-09-21 03:00:00,14.6,84.0,1025.8,4.4,27.0,0.0
2025-09-21 04:00:00,14.4,85.0,1025.7,4.9,28.0,0.0
2025-09-21 05:00:00,14.1,86.0,1025.8,5.2,34.0,0.0
2025-09-21 06:00:00,13.8,87.0,1025.9,5.5,36.0,0.0
2025-09-21 07:00:00,13.6,88.0,1026.3,5.4,40.0,2.0
2025-09-21 08:00:00,14.9,85.0,1026.9,7.1,351.0,76.0
2025-09-21 09:00:00,16.2,75.0,1027.3,5.5,44.0,220.0
2025-09-21 10:00:00,18.2,60.0,1027.5,7.8,86.0,363.0
2025-09-21 11:00:00,19.6,46.0,1027.2,7.4,97.0,527.0
2025-09-21 12:00:00,20.8,40.0,1026.8,6.3,108.0,623.0
2025-09-21 13:00:00,21.7,39.0,1026.1,6.4,128.0,731.0
2025-09-21 14:00:00,22.0,42.0,1025.3,6.5,148.0,713.0
2025-09-21 15:00:00,21.8,44.0,1024.5,7.7,162.0,617.0
2025-09-21 16:00:00,20.9,47.0,1024.1,10.0,165.0,478.0
2025-09-21 17:00:00,19.8,51.0,1023.6,11.2,162.0,324.0
2025-09-21 18:00:00,18.8,54.0,1023.1,10.7,151.0,192.0
2025-09-21 19:00:00,17.6,59.0,1023.0,6.7,161.0,40.0
2025-09-21 20:00:00,16.8,63.0,1023.2,5.3,152.0,0.0
2025-09-21 21:00:00,15.6,70.0,1023.5,3.6,153.0,0.0
2025-09-21 22:00:00,15.1,73.0,1023.6,2.2,156.0,0.0
2025-09-21 23:00:00,14.8,72.0,1023.6,0.9,101.0,0.0
2025-09-22 00:00:00,14.1,78.0,1023.0,2.7,58.0,0.0
2025-09-22 01:00:00,13.4,82.0,1022.8,3.6,63.0,0.0
2025-09-22 02:00:00,13.0,85.0,1022.5,2.1,31.0,0.0
2025-09-22 03:00:00,12.6,89.0,1022.1,2.4,351.0,0.0
2025-09-22 04:00:00,12.4,91.0,1021.6,3.2,357.0,0.0
2025-09-22 05:00:00,12.2,93.0,1021.3,2.9,22.0,0.0
2025-09-22 06:00:00,12.0,95.0,1021.4,3.1,347.0,0.0
2025-09-22 07:00:00,11.9,96.0,1021.7,3.5,348.0,1.0
2025-09-22 08:00:00,13.6,91.0,1021.6,4.7,356.0,89.0
2025-09-22 09:00:00,15.8,75.0,1021.9,1.8,11.0,272.0
2025-09-22 10:00:00,17.8,64.0,1021.7,0.3,225.0,389.0
2025-09-22 11:00:00,19.6,56.0,1021.5,2.8,191.0,467.0
2025-09-22 12:00:00,21.1,47.0,1021.0,5.9,194.0,509.0
2025-09-22 13:00:00,21.6,48.0,1020.5,7.7,192.0,456.0
2025-09-22 14:00:00,21.9,53.0,1019.5,9.1,188.0,511.0
2025-09-22 15:00:00,21.9,57.0,1018.8,9.0,185.0,448.0
2025-09-22 16:00:00,22.5,55.0,1018.0,7.5,191.0,416.0
2025-09-22 17:00:00,22.4,56.0,1017.4,6.7,160.0,326.0
2025-09-22 18:00:00,21.1,62.0,1017.0,11.2,164.0,173.0
2025-09-22 19:00:00,19.7,72.0,1016.8,8.1,159.0,35.0
2025-09-22 20:00:00,19.3,78.0,1017.3,8.1,155.0,0.0
2025-09-22 21:00:00,18.8,83.0,1017.3,7.5,159.0,0.0
2025-09-22 22:00:00,18.5,85.0,1017.2,4.9,176.0,0.0
2025-09-22 23:00:00,18.3,86.0,1017.1,5.8,176.0,0.0
2025-09-23 00:00:00,18.1,86.0,1017.1,6.5,193.0,0.0
2025-09-23 01:00:00,18.1,86.0,1017.2,8.0,200.0,0.0
2025-09-23 02:00:00,17.8,86.0,1017.1,7.1,210.0,0.0
2025-09-23 03:00:00,17.4,87.0,1016.8,5.3,208.0,0.0
2025-09-23 04:00:00,17.1,88.0,1016.6,5.4,195.0,0.0
2025-09-23 05:00:00,16.9,91.0,1016.4,5.2,207.0,0.0
2025-09-23 06:00:00,16.5,94.0,1016.3,4.3,208.0,0.0
2025-09-23 07:00:00,16.9,94.0,1016.7,6.2,206.0,1.0
2025-09-23 08:00:00,18.2,90.0,1017.3,7.7,211.0,79.0
2025-09-23 09:00:00,20.3,81.0,1016.9,9.0,206.0,219.0
2025-09-23 10:00:00,22.3,72.0,1016.8,9.9,215.0,385.0
2025-09-23 11:00:00,25.4,59.0,1016.6,14.9,235.0,560.0
2025-09-23 12:00:00,28.0,49.0,1015.6,14.0,244.0,571.0
2025-09-23 13:00:00,28.8,48.0,1015.2,11.6,237.0,665.0
2025-09-23 14:00:00,28.7,49.0,1014.6,11.4,233.0,515.0
2025-09-23 15:00:00,29.3,46.0,1014.1,9.0,226.0,488.0
2025-09-23 16:00:00,29.4,45.0,1013.8,7.6,208.0,475.0
2025-09-23 17:00:00,29.1,46.0,1013.3,7.7,189.0,309.0
2025-09-23 18:00:00,27.7,53.0,1013.3,6.6,169.0,146.0
2025-09-23 19:00:00,25.9,72.0,1013.9,2.0,153.0,18.0
2025-09-23 20:00:00,25.5,66.0,1014.7,3.6,351.0,0.0
2025-09-23 21:00:00,21.7,90.0,1015.8,2.3,274.0,0.0
2025-09-23 22:00:00,20.8,93.0,1016.2,2.7,67.0,0.0
2025-09-23 23:00:00,20.8,94.0,1015.9,4.9,190.0,0.0
2025-09-24 00:00:00,20.6,95.0,1015.7,5.2,196.0,0.0
2025-09-24 01:00:00,20.5,94.0,1015.8,5.2,192.0,0.0
2025-09-24 02:00:00,20.0,95.0,1015.6,3.3,216.0,0.0
2025-09-24 03:00:00,19.3,96.0,1015.5,3.4,238.0,0.0
2025-09-24 04:00:00,19.2,97.0,1015.4,1.1,198.0,0.0
2025-09-24 05:00:00,18.8,98.0,1015.3,0.8,207.0,0.0
2025-09-24 06:00:00,18.3,99.0,1015.9,2.6,51.0,0.0
2025-09-24 07:00:00,18.4,99.0,1016.4,1.9,41.0,1.0
2025-09-24 08:00:00,19.8,97.0,1016.9,2.2,76.0,48.0
2025-09-24 09:00:00,22.0,91.0,1017.1,5.6,159.0,144.0
2025-09-24 10:00:00,23.5,83.0,1017.3,2.2,171.0,260.0
2025-09-24 11:00:00,24.2,79.0,1017.5,4.2,175.0,237.0
2025-09-24 12:00:00,25.1,75.0,1017.2,4.9,178.0,339.0
2025-09-24 13:00:00,25.9,72.0,1016.8,5.1,188.0,418.0
2025-09-24 14:00:00,26.5,68.0,1016.1,4.9,176.0,447.0
2025-09-24 15:00:00,26.4,67.0,1015.8,6.5,175.0,428.0
2025-09-24 16:00:00,25.7,70.0,1015.5,6.6,163.0,288.0
2025-09-24 17:00:00,23.2,80.0,1016.1,16.9,178.0,168.0
2025-09-24 18:00:00,21.2,90.0,1015.4,6.3,129.0,25.0
2025-09-24 19:00:00,21.4,91.0,1016.0,7.4,129.0,8.0
2025-09-24 20:00:00,20.8,94.0,1016.6,2.4,234.0,0.0
2025-09-24 21:00:00,21.1,95.0,1017.0,7.9,102.0,0.0
2025-09-24 22:00:00,20.8,96.0,1017.3,4.9,100.0,0.0
2025-09-24 23:00:00,20.3,98.0,1017.2,7.0,86.0,0.0
2025-09-25 00:00:00,20.3,98.0,1016.8,4.9,28.0,0.0
2025-09-25 01:00:00,20.2,98.0,1016.5,9.5,101.0,0.0
2025-09-25 02:00:00,20.0,98.0,1015.8,8.7,120.0,0.0
2025-09-25 03:00:00,19.7,97.0,1014.9,11.6,127.0,0.0
2025-09-25 04:00:00,19.9,96.0,1014.3,11.7,144.0,0.0
2025-09-25 05:00:00,19.9,97.0,1014.5,7.0,181.0,0.0
2025-09-25 06:00:00,20.2,96.0,1014.2,7.7,189.0,0.0
2025-09-25 07:00:00,20.5,95.0,1014.4,7.2,166.0,0.0
2025-09-25 08:00:00,20.5,96.0,1014.1,11.2,162.0,22.0
2025-09-25 09:00:00,21.4,94.0,1013.8,9.5,201.0,28.0
2025-09-25 10:00:00,21.6,94.0,1013.1,9.1,195.0,57.0
2025-09-25 11:00:00,23.4,86.0,1012.3,7.8,209.0,307.0
2025-09-25 12:00:00,23.2,88.0,1012.0,5.7,148.0,275.0
2025-09-25 13:00:00,22.7,93.0,1011.0,8.4,146.0,82.0
2025-09-25 14:00:00,24.8,86.0,1010.1,11.0,178.0,267.0
2025-09-25 15:00:00,23.3,89.0,1009.0,15.0,184.0,66.0
2025-09-25 16:00:00,23.7,84.0,1008.1,13.5,199.0,121.0
2025-09-25 17:00:00,23.5,87.0,1007.4,9.6,142.0,183.0
2025-09-25 18:00:00,23.8,89.0,1006.9,13.3,196.0,68.0
2025-09-25 19:00:00,23.4,89.0,1006.7,15.7,219.0,11.0
2025-09-25 20:00:00,23.1,90.0,1006.8,14.5,216.0,0.0
2025-09-25 21:00:00,22.5,92.0,1006.8,12.7,224.0,0.0
2025-09-25 22:00:00,22.0,94.0,1007.4,13.3,240.0,0.0
2025-09-25 23:00:00,21.8,94.0,1008.0,11.0,251.0,0.0
2025-09-26 00:00:00,21.4,93.0,1008.0,8.2,285.0,0.0
2025-09-26 01:00:00,20.6,91.0,1008.5,5.9,282.0,0.0
2025-09-26 02:00:00,19.6,93.0,1008.4,4.3,272.0,0.0
2025-09-26 03:00:00,19.4,93.0,1008.2,4.8,285.0,0.0
2025-09-26 04:00:00,19.4,93.0,1008.4,4.9,280.0,0.0
2025-09-26 05:00:00,19.1,93.0,1008.2,3.8,278.0,0.0
2025-09-26 06:00:00,18.6,94.0,1008.2,3.6,273.0,0.0
2025-09-26 07:00:00,18.5,94.0,1009.1,3.0,253.0,0.0
2025-09-26 08:00:00,19.1,92.0,1010.0,4.6,252.0,26.0
2025-09-26 09:00:00,21.4,81.0,1010.1,5.3,294.0,195.0
2025-09-26 10:00:00,22.7,73.0,1010.4,5.7,305.0,385.0
2025-09-26 11:00:00,24.0,70.0,1010.5,5.6,303.0,567.0
2025-09-26 12:00:00,25.1,64.0,1010.2,4.8,283.0,667.0
2025-09-26 13:00:00,26.0,57.0,1010.3,6.5,275.0,713.0
2025-09-26 14:00:00,26.3,56.0,1009.6,7.9,281.0,666.0
2025-09-26 15:00:00,26.4,54.0,1009.3,8.7,284.0,609.0
2025-09-26 16:00:00,26.3,55.0,1009.4,8.4,280.0,476.0
2025-09-26 17:00:00,25.8,57.0,1009.2,7.2,267.0,320.0
2025-09-26 18:00:00,24.8,64.0,1009.3,4.8,257.0,158.0
2025-09-26 19:00:00,23.1,73.0,1010.0,5.4,249.0,25.0
2025-09-26 20:00:00,22.2,78.0,1011.0,4.6,257.0,0.0
2025-09-26 21:00:00,21.7,78.0,1011.4,4.4,291.0,0.0
2025-09-26 22:00:00,21.2,80.0,1012.0,5.3,305.0,0.0
2025-09-26 23:00:00,20.6,81.0,1012.4,4.8,323.0,0.0
2025-09-27 00:00:00,20.0,80.0,1012.7,4.8,329.0,0.0
2025-09-27 01:00:00,19.7,78.0,1012.9,5.2,335.0,0.0
2025-09-27 02:00:00,18.9,81.0,1013.1,4.7,353.0,0.0
2025-09-27 03:00:00,18.2,85.0,1013.2,4.0,333.0,0.0
2025-09-27 04:00:00,18.0,86.0,1013.5,4.7,332.0,0.0
2025-09-27 05:00:00,17.6,88.0,1014.1,5.4,356.0,0.0
2025-09-27 06:00:00,17.1,89.0,1014.4,4.4,21.0,0.0
2025-09-27 07:00:00,16.8,90.0,1014.9,4.7,32.0,0.0
2025-09-27 08:00:00,17.9,88.0,1015.5,6.1,12.0,76.0
2025-09-27 09:00:00,19.2,81.0,1015.9,3.6,20.0,184.0
2025-09-27 10:00:00,20.8,75.0,1016.1,3.1,31.0,355.0
2025-09-27 11:00:00,22.8,67.0,1016.1,2.3,51.0,556.0
2025-09-27 12:00:00,23.7,62.0,1015.9,2.2,125.0,520.0
2025-09-27 13:00:00,24.2,59.0,1015.5,2.5,159.0,497.0
2025-09-27 14:00:00,24.1,60.0,1015.1,5.0,180.0,379.0
2025-09-27 15:00:00,23.7,61.0,1014.7,5.6,182.0,258.0
2025-09-27 16:00:00,23.6,60.0,1014.6,5.6,180.0,291.0
2025-09-27 17:00:00,22.8,64.0,1014.5,4.6,169.0,127.0
2025-09-27 18:00:00,22.0,71.0,1014.4,4.8,169.0,83.0
2025-09-27 19:00:00,20.8,80.0,1014.8,4.0,170.0,15.0
2025-09-27 20:00:00,20.3,84.0,1015.1,2.9,180.0,0.0
2025-09-27 21:00:00,20.8,84.0,1015.4,2.1,149.0,0.0
2025-09-27 22:00:00,20.8,84.0,1015.8,1.6,264.0,0.0
2025-09-27 23:00:00,20.5,84.0,1015.7,4.5,196.0,0.0
2025-09-28 00:00:00,20.2,82.0,1015.6,5.3,170.0,0.0
2025-09-28 01:00:00,19.7,82.0,1015.5,1.6,186.0,0.0
2025-09-28 02:00:00,19.2,85.0,1015.4,2.8,108.0,0.0
2025-09-28 03:00:00,19.1,88.0,1015.5,1.9,131.0,0.0
2025-09-28 04:00:00,18.9,89.0,1015.3,1.6,360.0,0.0
2025-09-28 05:00:00,18.3,93.0,1015.8,1.8,6.0,0.0
2025-09-28 06:00:00,18.0,94.0,1016.3,1.5,324.0,0.0
2025-09-28 07:00:00,17.6,96.0,1017.1,1.8,276.0,0.0
2025-09-28 08:00:00,19.0,92.0,1017.4,3.7,235.0,71.0
2025-09-28 09:00:00,20.5,87.0,1017.9,3.7,215.0,240.0
2025-09-28 10:00:00,21.7,79.0,1018.3,4.5,241.0,414.0
2025-09-28 11:00:00,23.1,71.0,1018.4,5.2,266.0,560.0
2025-09-28 12:00:00,24.3,67.0,1018.2,6.1,267.0,651.0
2025-09-28 13:00:00,25.4,64.0,1018.1,5.9,258.0,707.0
2025-09-28 14:00:00,26.3,62.0,1017.8,6.0,253.0,701.0
2025-09-28 15:00:00,27.1,58.0,1017.4,6.0,265.0,632.0
2025-09-28 16:00:00,27.7,52.0,1017.2,5.2,266.0,508.0
2025-09-28 17:00:00,27.8,50.0,1017.4,4.8,281.0,346.0
2025-09-28 18:00:00,26.9,60.0,1017.4,2.1,239.0,164.0
2025-09-28 19:00:00,24.1,69.0,1017.5,4.9,208.0,22.0
2025-09-28 20:00:00,23.3,73.0,1018.2,6.5,236.0,0.0
2025-09-28 21:00:00,,,,,,
2025-09-28 22:00:00,,,,,,
2025-09-28 23:00:00,,,,,,
2025-09-29 00:00:00,,,,,,
2025-09-29 01:00:00,,,,,,
2025-09-29 02:00:00,,,,,,
2025-09-29 03:00:00,,,,,,
2025-09-29 04:00:00,,,,,,
2025-09-29 05:00:00,,,,,,
2025-09-29 06:00:00,,,,,,
2025-09-29 07:00:00,,,,,,
2025-09-29 08:00:00,,,,,,
2025-09-29 09:00:00,,,,,,
2025-09-29 10:00:00,,,,,,
2025-09-29 11:00:00,,,,,,
2025-09-29 12:00:00,,,,,,
2025-09-29 13:00:00,,,,,,
2025-09-29 14:00:00,,,,,,
2025-09-29 15:00:00,,,,,,
2025-09-29 16:00:00,,,,,,
2025-09-29 17:00:00,,,,,,
2025-09-29 18:00:00,,,,,,
2025-09-29 19:00:00,,,,,,
2025-09-29 20:00:00,20.0,77.0,1022.1,3.8,197.0,
2025-09-29 21:00:00,19.3,83.0,1022.0,4.3,208.0,0.0
2025-09-29 22:00:00,18.8,86.0,1021.9,3.6,229.0,0.0
2025-09-29 23:00:00,18.5,87.0,1021.7,3.1,249.0,0.0
2025-09-30 00:00:00,18.2,88.0,1021.4,3.0,287.0,0.0
2025-09-30 01:00:00,18.0,88.0,1021.0,3.2,333.0,0.0
2025-09-30 02:00:00,17.7,88.0,1020.5,3.3,319.0,0.0
2025-09-30 03:00:00,17.5,86.0,1019.7,3.7,313.0,0.0
2025-09-30 04:00:00,17.2,86.0,1019.3,4.0,330.0,0.0
2025-09-30 05:00:00,17.0,87.0,1019.1,4.2,342.0,0.0
2025-09-30 06:00:00,16.9,86.0,1019.2,6.0,353.0,0.0
2025-09-30 07:00:00,16.9,81.0,1019.3,6.8,3.0,0.0
2025-09-30 08:00:00,17.4,76.0,1019.5,6.5,13.0,34.0
2025-09-30 09:00:00,18.5,72.0,1019.5,7.1,7.0,134.0
2025-09-30 10:00:00,20.1,63.0,1019.7,8.3,11.0,278.0
2025-09-30 11:00:00,21.5,56.0,1019.1,9.3,13.0,399.0
2025-09-30 12:00:00,22.8,53.0,1018.6,9.0,12.0,490.0
2025-09-30 13:00:00,24.3,48.0,1017.9,10.7,14.0,629.0
2025-09-30 14:00:00,25.0,46.0,1017.2,10.4,15.0,569.0
2025-09-30 15:00:00,25.2,46.0,1016.9,10.4,18.0,446.0
2025-09-30 16:00:00,25.2,47.0,1016.8,10.0,26.0,344.0
2025-09-30 17:00:00,24.5,51.0,1016.4,7.6,22.0,222.0
2025-09-30 18:00:00,23.1,59.0,1016.7,5.4,2.0,112.0
2025-09-30 19:00:00,21.5,65.0,1016.7,11.2,1.0,14.0
2025-09-30 20:00:00,20.5,67.0,1017.1,13.6,12.0,0.0
2025-09-30 21:00:00,19.5,58.0,1017.4,14.0,18.0,0.0
2025-09-30 22:00:00,18.5,51.0,1017.9,13.7,21.0,0.0
2025-09-30 23:00:00,17.4,53.0,1018.2,13.7,13.0,0.0
2025-10-01 00:00:00,16.8,60.0,1018.2,14.0,13.0,0.0
2025-10-01 01:00:00,16.4,61.0,1018.1,14.2,16.0,0.0
2025-10-01 02:00:00,15.3,61.0,1018.2,14.6,16.0,0.0
2025-10-01 03:00:00,14.1,64.0,1018.3,14.5,12.0,0.0
2025-10-01 04:00:00,13.1,67.0,1018.7,14.5,14.0,0.0
2025-10-01 05:00:00,12.6,68.0,1019.6,13.8,20.0,0.0
2025-10-01 06:00:00,12.2,68.0,1020.1,14.1,19.0,0.0
2025-10-01 07:00:00,11.8,69.0,1020.4,14.3,18.0,0.0
2025-10-01 08:00:00,12.2,69.0,1020.9,11.3,1.0,71.0
2025-10-01 09:00:00,13.1,63.0,1021.0,14.9,1.0,251.0
2025-10-01 10:00:00,14.4,56.0,1021.3,16.3,11.0,436.0
2025-10-01 11:00:00,15.7,52.0,1021.4,15.5,13.0,589.0
2025-10-01 12:00:00,17.0,47.0,1020.9,15.2,14.0,693.0
2025-10-01 13:00:00,17.9,45.0,1020.7,16.0,9.0,739.0
2025-10-01 14:00:00,18.6,45.0,1020.0,15.9,6.0,722.0
2025-10-01 15:00:00,18.8,45.0,1019.7,16.3,5.0,645.0
2025-10-01 16:00:00,18.7,45.0,1019.9,16.2,8.0,517.0
2025-10-01 17:00:00,18.0,48.0,1020.2,15.9,6.0,346.0
2025-10-01 18:00:00,17.0,51.0,1020.9,13.6,7.0,157.0
2025-10-01 19:00:00,15.8,55.0,1021.6,11.5,2.0,17.0
2025-10-01 20:00:00,14.9,54.0,1022.5,13.3,359.0,0.0
2025-10-01 21:00:00,14.0,55.0,1023.6,13.0,10.0,0.0
2025-10-01 22:00:00,13.3,59.0,1024.4,11.8,9.0,0.0
2025-10-01 23:00:00,12.7,64.0,1025.1,11.6,8.0,0.0
